date,high,low
2025-01-01,6.3,1.9
2025-01-02,9.5,1.7
2025-01-03,8.7,3.1
2025-01-04,11.4,4.8
2025-01-05,8.8,0.4
2025-01-06,7.4,2.6
2025-01-07,9.9,2.6
2025-01-08,8.0,2.4
2025-01-09,8.4,3.3
2025-01-10,6.7,1.5
2025-01-11,6.4,-0.2
2025-01-12,5.7,-1.7
2025-01-13,5.4,-0.1
2025-01-14,7.2,0.0
2025-01-15,8.0,2.2
2025-01-16,7.5,2.5
2025-01-17,7.3,1.4
2025-01-18,7.6,0.9
2025-01-19,8.2,1.6
2025-01-20,9.3,3.0
2025-01-21,7.6,1.1
2025-01-22,6.6,0.6
2025-01-23,7.1,1.7
2025-01-24,5.8,0.4
2025-01-25,6.5,-0.0
2025-01-26,5.6,0.4
2025-01-27,7.8,-0.7
2025-01-28,6.2,1.0
2025-01-29,5.4,-0.1
2025-01-30,9.1,1.9
2025-01-31,8.7,1.1
2025-02-01,8.3,0.5
2025-02-02,6.9,-0.1
2025-02-03,6.9,0.7
2025-02-04,5.0,0.1
2025-02-05,6.5,0.3
2025-02-06,9.0,1.3
2025-02-07,8.6,2.8
2025-02-08,10.5,3.8
2025-02-09,10.9,4.1
2025-02-10,10.4,5.3
2025-02-11,9.5,4.2
2025-02-12,7.2,0.3
2025-02-13,7.9,0.8
2025-02-14,7.5,1.0
2025-02-15,8.1,0.2
2025-02-16,7.3,1.6
2025-02-17,7.2,1.0
2025-02-18,7.3,0.2
2025-02-19,6.7,1.0
2025-02-20,5.7,-0.3
2025-02-21,7.8,3.8
2025-02-22,10.5,3.4
2025-02-23,11.0,5.2
2025-02-24,10.5,5.6
2025-02-25,9.5,2.2
2025-02-26,9.7,2.8
2025-02-27,8.5,3.0
2025-02-28,7.8,2.4
2025-03-01,8.6,2.6
2025-03-02,10.9,3.9
2025-03-03,9.7,3.0
2025-03-04,10.3,2.9
2025-03-05,7.7,1.5
2025-03-06,8.1,1.3
2025-03-07,9.3,0.9
2025-03-08,8.6,3.0
2025-03-09,11.4,6.1
2025-03-10,13.6,5.4
2025-03-11,10.9,5.0
2025-03-12,12.3,4.6
2025-03-13,11.9,5.8
2025-03-14,10.4,4.4
2025-03-15,12.3,3.7
2025-03-16,13.2,7.3
2025-03-17,12.6,7.2
2025-03-18,15.5,11.0
2025-03-19,16.6,10.7
2025-03-20,17.4,7.8
2025-03-21,17.1,10.7
2025-03-22,15.3,7.6
2025-03-23,14.6,8.4
2025-03-24,15.4,7.8
2025-03-25,14.3,5.5
2025-03-26,14.9,8.9
2025-03-27,12.6,6.5
2025-03-28,15.1,6.7
2025-03-29,15.0,6.6
2025-03-30,14.1,6.0
2025-03-31,14.5,6.2
2025-04-01,14.4,7.9
2025-04-02,16.1,9.9
2025-04-03,17.2,8.3
2025-04-04,15.4,7.5
2025-04-05,18.6,11.8
2025-04-06,18.0,11.4
2025-04-07,19.3,9.8
2025-04-08,18.8,11.2
2025-04-09,20.9,13.5
2025-04-10,17.4,9.3
2025-04-11,18.1,8.4
2025-04-12,18.6,10.4
2025-04-13,18.9,11.6
2025-04-14,17.3,8.8
2025-04-15,20.2,12.0
2025-04-16,19.1,14.0
2025-04-17,21.6,11.7
2025-04-18,20.8,13.0
2025-04-19,17.4,10.9
2025-04-20,18.6,10.9
2025-04-21,19.5,10.8
2025-04-22,21.2,13.5
2025-04-23,19.7,10.9
2025-04-24,16.4,9.5
2025-04-25,19.1,12.8
2025-04-26,18.9,10.8
2025-04-27,17.2,8.5
2025-04-28,15.5,7.3
2025-04-29,17.2,8.7
2025-04-30,17.7,10.5
2025-05-01,18.7,7.8
2025-05-02,19.3,11.4
2025-05-03,22.4,11.5
2025-05-04,20.7,11.3
2025-05-05,21.6,13.1
2025-05-06,23.0,12.9
2025-05-07,21.5,14.2
2025-05-08,20.3,14.1
2025-05-09,19.9,13.0
2025-05-10,22.6,16.8
2025-05-11,21.4,13.3
2025-05-12,21.8,14.1
2025-05-13,22.6,15.6
2025-05-14,22.9,14.3
2025-05-15,24.3,15.6
2025-05-16,22.9,16.8
2025-05-17,22.3,15.5
2025-05-18,26.2,19.2
2025-05-19,27.6,19.3
2025-05-20,29.7,20.6
2025-05-21,29.7,18.0
2025-05-22,25.7,18.1
2025-05-23,26.6,18.8
2025-05-24,24.4,17.9
2025-05-25,26.6,17.6
2025-05-26,26.9,17.2
2025-05-27,23.9,17.6
2025-05-28,24.3,15.6
2025-05-29,24.3,17.5
2025-05-30,27.2,18.7
2025-05-31,26.2,19.5
2025-06-01,25.6,16.0
2025-06-02,27.2,17.6
2025-06-03,27.6,20.3
2025-06-04,26.2,19.4
2025-06-05,27.2,18.3
2025-06-06,24.7,17.3
2025-06-07,23.4,16.6
2025-06-08,23.2,16.3
2025-06-09,24.9,16.6
2025-06-10,24.2,14.5
2025-06-11,26.5,16.4
2025-06-12,25.7,17.8
2025-06-13,27.7,17.3
2025-06-14,28.0,19.2
2025-06-15,27.7,19.2
2025-06-16,29.5,21.5
2025-06-17,28.5,21.3
2025-06-18,26.3,18.4
2025-06-19,26.7,18.7
2025-06-20,28.7,18.4
2025-06-21,28.4,18.1
2025-06-22,29.5,20.6
2025-06-23,28.8,20.8
2025-06-24,29.4,19.9
2025-06-25,29.3,19.4
2025-06-26,28.8,23.1
2025-06-27,26.8,20.2
2025-06-28,27.8,19.0
2025-06-29,30.5,20.7
2025-06-30,30.1,20.4
2025-07-01,30.5,21.2
2025-07-02,30.0,21.7
2025-07-03,28.1,20.9
2025-07-04,30.7,20.9
2025-07-05,29.4,21.5
2025-07-06,33.4,23.3
2025-07-07,34.1,25.9
2025-07-08,33.0,24.9
2025-07-09,34.7,25.2
2025-07-10,32.2,22.7
2025-07-11,33.6,23.5
2025-07-12,35.3,27.5
2025-07-13,33.1,23.9
2025-07-14,33.8,24.0
2025-07-15,33.3,25.2
2025-07-16,30.0,22.2
2025-07-17,31.4,23.2
2025-07-18,32.3,23.4
2025-07-19,32.2,20.5
2025-07-20,31.7,23.6
2025-07-21,30.1,20.2
2025-07-22,28.4,20.7
2025-07-23,28.7,20.1
2025-07-24,29.1,20.1
2025-07-25,26.6,17.4
2025-07-26,30.0,22.3
2025-07-27,31.4,21.1
2025-07-28,29.2,21.7
2025-07-29,28.2,21.0
2025-07-30,28.2,19.1
2025-07-31,29.3,20.4
2025-08-01,32.6,23.6
2025-08-02,33.5,23.5
2025-08-03,33.0,23.2
2025-08-04,29.9,21.6
2025-08-05,28.5,18.7
2025-08-06,29.5,20.3
2025-08-07,30.8,21.2
2025-08-08,28.6,20.7
2025-08-09,26.9,18.1
2025-08-10,26.8,18.6
2025-08-11,27.5,21.1
2025-08-12,27.8,17.7
2025-08-13,25.6,15.5
2025-08-14,23.7,15.9
2025-08-15,25.3,16.0
2025-08-16,25.1,15.4
2025-08-17,28.3,18.3
2025-08-18,29.7,22.8
2025-08-19,30.0,21.3
2025-08-20,26.3,19.4
2025-08-21,28.4,17.3
2025-08-22,27.6,17.9
2025-08-23,26.4,16.5
2025-08-24,26.0,16.7
2025-08-25,24.9,16.5
2025-08-26,27.1,20.0
2025-08-27,27.8,19.3
2025-08-28,30.8,18.9
2025-08-29,27.4,17.9
2025-08-30,24.9,18.2
2025-08-31,24.8,17.1
2025-09-01,27.8,19.8
2025-09-02,32.4,22.8
2025-09-03,29.8,21.8
2025-09-04,29.9,21.3
2025-09-05,30.1,22.5
2025-09-06,31.6,21.9
2025-09-07,31.0,21.3
2025-09-08,30.4,22.5
2025-09-09,30.2,23.0
2025-09-10,32.0,22.0
2025-09-11,29.8,19.5
2025-09-12,25.8,19.3
2025-09-13,26.6,18.3
2025-09-14,29.4,18.0
2025-09-15,29.3,17.4
2025-09-16,24.6,17.2
2025-09-17,25.3,16.0
2025-09-18,25.6,17.0
2025-09-19,20.8,15.6
2025-09-20,22.5,13.5
2025-09-21,21.4,14.0
2025-09-22,22.7,15.5
2025-09-23,20.3,12.9
2025-09-24,21.6,12.3
2025-09-25,22.2,13.8
2025-09-26,20.8,14.0
2025-09-27,19.3,12.7
2025-09-28,21.2,13.7
2025-09-29,22.1,13.7
2025-09-30,20.4,13.5
2025-10-01,24.5,16.0
2025-10-02,22.7,13.6
2025-10-03,24.2,16.2
2025-10-04,22.4,16.6
2025-10-05,22.9,16.2
2025-10-06,24.0,16.1
2025-10-07,25.3,17.0
2025-10-08,25.2,17.9
2025-10-09,24.0,14.7
2025-10-10,21.7,14.3
2025-10-11,21.4,13.4
2025-10-12,24.3,16.6
2025-10-13,23.7,15.4
2025-10-14,22.9,12.5
2025-10-15,19.3,14.3
2025-10-16,21.5,12.9
2025-10-17,21.5,13.5
2025-10-18,19.9,14.4
2025-10-19,20.1,12.8
2025-10-20,21.5,13.6
2025-10-21,19.2,11.7
2025-10-22,20.6,12.8
2025-10-23,19.9,12.7
2025-10-24,18.5,13.7
2025-10-25,17.0,9.8
2025-10-26,16.6,9.6
2025-10-27,15.6,9.2
2025-10-28,14.7,9.5
2025-10-29,16.9,11.3
2025-10-30,18.1,11.5
2025-10-31,16.1,10.0
2025-11-01,17.9,10.7
2025-11-02,16.0,10.2
2025-11-03,15.9,11.3
2025-11-04,16.6,10.0
2025-11-05,14.8,8.0
2025-11-06,17.2,9.2
2025-11-07,18.3,9.2
2025-11-08,14.4,8.7
2025-11-09,15.7,9.8
2025-11-10,16.1,8.9
2025-11-11,14.7,8.7
2025-11-12,14.3,8.8
2025-11-13,13.5,8.1
2025-11-14,13.1,5.8
2025-11-15,14.9,7.0
2025-11-16,14.1,6.5
2025-11-17,13.0,5.9
2025-11-18,13.0,5.9
2025-11-19,14.6,8.6
2025-11-20,12.8,5.9
2025-11-21,10.8,4.1
2025-11-22,14.5,6.9
2025-11-23,15.7,8.2
2025-11-24,16.0,10.1
2025-11-25,15.4,9.4
2025-11-26,16.7,10.9
2025-11-27,15.9,10.5
2025-11-28,14.8,8.8
2025-11-29,16.6,8.4
2025-11-30,15.1,9.1
2025-12-01,14.6,6.8
2025-12-02,12.3,5.7
2025-12-03,9.2,3.2
2025-12-04,11.2,2.1
2025-12-05,8.9,2.5
2025-12-06,7.1,0.3
2025-12-07,7.3,0.4
2025-12-08,8.8,3.0
2025-12-09,8.2,2.9
2025-12-10,12.4,6.8
2025-12-11,12.1,7.2
2025-12-12,13.7,8.3
2025-12-13,11.7,6.5
2025-12-14,9.7,5.1
2025-12-15,7.5,2.2
2025-12-16,8.2,1.5
2025-12-17,7.9,2.1
2025-12-18,8.8,2.5
2025-12-19,9.8,0.7
2025-12-20,9.3,2.0
2025-12-21,8.5,1.4
2025-12-22,7.7,3.1
2025-12-23,8.9,2.3
2025-12-24,7.0,2.7
2025-12-25,5.2,-0.4
2025-12-26,4.2,-2.8
2025-12-27,5.3,-1.0
2025-12-28,7.5,1.0
2025-12-29,8.5,2.1
2025-12-30,7.0,0.5
2025-12-31,8.6,1.8
